,test_statistic,p,-log2(p)
project_READ,2.9727423456050306,0.08467819673679385,3.5618656429916395
vulnerability_score_z,0.047863640941843484,0.8268232920275764,0.2743490641073576
