,test_statistic,p,-log2(p)
vulnerability_score_z,0.1678593068188513,0.6820213592134456,0.5521111733083129
