,test_statistic,p,-log2(p)
age_at_diagnosis_years,0.5537909929740004,0.45677282044339984,1.130451286958315
project_READ,3.4271631573733,0.06413217435899944,3.962807868147636
stage_numeric,0.12521126919987363,0.7234497678629571,0.4670352469912914
vulnerability_score_z,0.0017691518162751263,0.966449841794219,0.049233235572948675
