,test_statistic,p,-log2(p)
age_at_diagnosis_years,0.7039710610880997,0.4014525686294962,1.3166985505950122
project_READ,3.4031195955206264,0.06507324195542608,3.9417917590416
vulnerability_score_z,0.3762216337408293,0.5396323230761935,0.8899513289860911
