covariate,coef,exp(coef),se(coef),coef lower 95%,coef upper 95%,exp(coef) lower 95%,exp(coef) upper 95%,cmp to,z,p,-log2(p)
vulnerability_score_z,-0.06892165266818256,0.9333998065978966,0.08849412618048383,-0.24236695282527396,0.10452364748890883,0.7847681518186383,1.1101816465639842,0.0,-0.7788274277957931,0.43608137852948003,1.1973307088630727
