feature_set,n_features,MAE,RMSE,R2,correlation
FAM50B_expression_only,1,0.3589167736317331,0.4750930197976347,0.4341886762923677,0.6667987099345644
full_all_features,74115,0.40347917603915245,0.48768263539783985,0.4038041894822615,0.6481780005298456
full_without_FAM50B_expression,74114,0.5005542819965452,0.5980780260290074,0.10333539223133281,0.3372119259591888
