model,n,events,vulnerability_coef,vulnerability_exp_coef_HR,vulnerability_p,vulnerability_ci_lower,vulnerability_ci_upper,concordance_index
cox_vulnerability_only,530,122,-0.06892165266818256,0.9333998065978966,0.43608137852948003,0.7847681518186383,1.1101816465639842,0.5190632965165676
cox_project_adjusted,530,122,-0.07419876460044389,0.9284871251265884,0.40168394070184454,0.7806632303551979,1.1043024802559114,0.5500743415463042
cox_project_age_adjusted,518,111,-0.11528500500735771,0.8911121362908694,0.2050905920341466,0.7455763731585586,1.0650563349812632,0.6238470125139534
cox_project_stage_age_adjusted,472,76,-0.039618319221507534,0.9611562240063377,0.721115062031751,0.7732556258773369,1.1947165413739504,0.7557998614958449
